,Unnamed: 0,Unnamed: 0.1,gold,silver
0,535,1980-01-18,469.2,1854.23
1,536,1980-01-21,478.56,1901.93
2,537,1980-01-22,450.93,1856.74
3,7780,2007-10-26,451.42,550.24
4,7781,2007-10-29,454.49,556.2
5,7782,2007-10-30,451.79,552.33
6,7783,2007-10-31,456.14,556.63
7,7784,2007-11-01,455.27,552.33
8,7785,2007-11-02,463.81,562.96
9,7786,2007-11-05,465.28,570.32
10,7787,2007-11-06,472.56,593.33
11,7788,2007-11-07,478.4,591.26
12,7789,2007-11-08,480.74,598.63
13,7790,2007-11-09,479.21,599.88
14,7791,2007-11-12,463.86,569.86
15,7792,2007-11-13,458.85,564.11
16,7793,2007-11-14,468.0,581.73
17,7794,2007-11-15,452.27,559.3
18,7795,2007-11-16,452.15,560.42
19,7797,2007-11-20,454.94,560.44
20,7798,2007-11-21,459.09,557.4
21,7799,2007-11-22,459.09,557.4
22,7800,2007-11-23,474.11,569.64
23,7801,2007-11-26,475.32,573.58
24,7802,2007-11-27,468.24,560.35
25,7803,2007-11-28,460.35,554.68
26,7804,2007-11-29,457.54,551.37
27,7805,2007-11-30,450.06,540.73
28,7806,2007-12-03,453.37,542.59
29,7807,2007-12-04,460.77,552.37
30,7808,2007-12-05,458.58,552.23
31,7809,2007-12-06,460.56,558.58
32,7810,2007-12-07,456.66,554.04
33,7811,2007-12-10,464.37,567.36
34,7812,2007-12-11,466.46,567.98
35,7813,2007-12-12,467.47,566.5
36,7814,2007-12-13,459.06,544.08
37,7815,2007-12-14,455.67,534.42
38,7816,2007-12-17,456.53,534.44
39,7817,2007-12-18,461.2,541.55
40,7818,2007-12-19,460.09,543.78
41,7819,2007-12-20,458.87,548.34
42,7820,2007-12-21,465.88,554.04
43,7821,2007-12-24,466.63,560.76
44,7822,2007-12-25,466.63,560.76
45,7823,2007-12-26,474.14,567.56
46,7824,2007-12-27,475.5,566.96
47,7825,2007-12-28,481.78,569.95
48,7826,2007-12-31,479.22,571.07
49,7827,2008-01-01,479.22,571.07
50,7828,2008-01-02,491.89,585.34
51,7829,2008-01-03,497.14,593.43
52,7830,2008-01-04,495.24,592.03
53,7831,2008-01-07,493.26,585.61
54,7832,2008-01-08,503.78,605.77
55,7833,2008-01-09,504.62,606.78
56,7834,2008-01-10,511.43,623.49
57,7835,2008-01-11,513.78,627.19
58,7836,2008-01-14,517.12,629.46
59,7837,2008-01-15,516.71,624.73
60,7838,2008-01-16,504.82,609.26
61,7839,2008-01-17,503.95,613.72
62,7840,2008-01-18,504.62,621.63
63,7841,2008-01-21,504.62,621.63
64,7842,2008-01-22,509.4,617.63
65,7843,2008-01-23,505.05,612.49
66,7844,2008-01-24,518.22,626.45
67,7845,2008-01-25,521.1,632.51
68,7846,2008-01-28,530.65,642.61
69,7847,2008-01-29,529.54,644.57
70,7848,2008-01-30,527.02,643.08
71,7849,2008-01-31,528.02,652.14
72,7850,2008-02-01,519.8,647.39
73,7851,2008-02-04,517.57,644.06
74,7852,2008-02-05,506.73,627.4
75,7853,2008-02-06,515.13,635.31
76,7854,2008-02-07,518.01,643.99
77,7855,2008-02-08,525.04,656.89
78,7856,2008-02-11,527.65,670.85
79,7857,2008-02-12,518.8,662.45
80,7858,2008-02-13,518.32,666.46
81,7859,2008-02-14,518.69,662.76
82,7860,2008-02-15,516.05,657.61
83,7861,2008-02-18,516.05,657.61
84,7862,2008-02-19,529.68,672.78
85,7863,2008-02-20,534.27,682.52
86,7864,2008-02-21,540.79,689.94
87,7865,2008-02-22,540.03,693.34
88,7866,2008-02-25,535.97,695.53
89,7867,2008-02-26,540.79,719.99
90,7868,2008-02-27,547.72,738.84
91,7869,2008-02-28,551.45,753.29
92,7870,2008-02-29,555.76,761.17
93,7871,2008-03-03,561.11,771.44
94,7872,2008-03-04,550.93,758.48
95,7873,2008-03-05,563.61,794.64
96,7874,2008-03-06,557.14,773.27
97,7875,2008-03-07,555.52,774.27
98,7876,2008-03-10,554.22,756.6
99,7877,2008-03-11,556.66,755.79
100,7878,2008-03-12,559.2,764.69
101,7879,2008-03-13,566.83,780.98
102,7880,2008-03-14,570.03,790.0
103,7881,2008-03-17,571.68,776.51
104,7882,2008-03-18,572.67,763.53
105,7883,2008-03-19,539.13,705.6
106,7884,2008-03-20,524.73,644.6
107,7885,2008-03-21,524.73,644.6
108,7886,2008-03-24,524.17,654.63
109,7887,2008-03-25,533.56,681.05
110,7888,2008-03-26,541.81,703.38
111,7889,2008-03-27,541.71,709.79
112,7890,2008-03-28,531.79,686.48
113,7891,2008-03-31,523.33,662.44
114,7892,2008-04-01,504.21,646.39
115,7893,2008-04-02,511.27,657.52
116,7894,2008-04-03,516.63,669.02
117,7895,2008-04-04,518.7,679.58
118,7896,2008-04-07,526.49,693.63
119,7897,2008-04-08,521.51,677.9
120,7898,2008-04-09,532.61,696.76
121,7899,2008-04-10,529.39,690.8
122,7900,2008-04-11,526.68,677.43
123,7901,2008-04-14,527.71,681.29
124,7902,2008-04-15,529.6,683.63
125,7903,2008-04-16,538.88,701.88
126,7904,2008-04-17,535.83,701.3
127,7905,2008-04-18,520.1,682.96
128,7906,2008-04-21,521.51,665.4
129,7907,2008-04-22,525.85,678.75
130,7908,2008-04-23,516.67,657.9
131,7909,2008-04-24,505.54,638.58
132,7910,2008-04-25,505.73,645.84
133,7911,2008-04-28,509.09,652.2
134,7912,2008-04-29,498.48,633.83
135,7913,2008-04-30,491.84,632.06
136,7914,2008-05-01,483.79,617.31
137,7915,2008-05-02,487.85,627.24
138,7916,2008-05-05,497.06,641.22
139,7917,2008-05-06,499.13,642.39
140,7918,2008-05-07,495.45,636.13
141,7919,2008-05-08,501.66,642.83
142,7920,2008-05-09,503.8,644.38
143,7921,2008-05-12,503.36,656.47
144,7922,2008-05-13,494.76,641.37
145,7923,2008-05-14,493.03,633.21
146,7924,2008-05-15,500.58,635.99
147,7925,2008-05-16,511.93,646.5
148,7926,2008-05-19,515.47,649.19
149,7927,2008-05-20,523.65,675.8
150,7928,2008-05-21,528.55,688.22
151,7929,2008-05-22,522.8,687.3
152,7930,2008-05-23,527.13,697.45
153,7931,2008-05-26,527.13,697.45
154,7932,2008-05-27,517.15,666.12
155,7933,2008-05-28,512.76,664.25
156,7934,2008-05-29,499.58,629.96
157,7935,2008-05-30,505.16,643.34
158,7936,2008-06-02,508.36,645.16
159,7937,2008-06-03,501.87,642.33
160,7938,2008-06-04,500.93,646.37
161,7939,2008-06-05,496.25,655.18
162,7940,2008-06-06,509.6,665.13
163,7941,2008-06-09,509.16,656.84
164,7942,2008-06-10,493.94,634.98
165,7943,2008-06-11,500.6,643.38
166,7944,2008-06-12,494.44,629.36
167,7945,2008-06-13,495.09,632.24
168,7946,2008-06-16,502.66,657.95
169,7947,2008-06-17,503.02,652.03
170,7948,2008-06-18,506.8,662.12
171,7949,2008-06-19,512.89,667.17
172,7950,2008-06-20,512.64,664.44
173,7951,2008-06-23,503.37,641.43
174,7952,2008-06-24,505.89,635.51
175,7953,2008-06-25,500.64,630.53
176,7954,2008-06-26,519.28,653.83
177,7955,2008-06-27,528.5,672.47
178,7956,2008-06-30,526.88,664.98
179,7957,2008-07-01,536.1,694.64
180,7958,2008-07-02,537.26,699.8
181,7959,2008-07-03,529.97,697.75
182,7960,2008-07-04,529.97,697.75
183,7961,2008-07-07,527.35,680.8
184,7962,2008-07-08,524.26,682.17
185,7963,2008-07-09,527.32,690.56
186,7964,2008-07-10,534.97,696.11
187,7965,2008-07-11,545.6,715.14
188,7966,2008-07-14,553.06,731.59
189,7967,2008-07-15,555.84,722.62
190,7968,2008-07-16,546.82,714.75
191,7969,2008-07-17,551.39,712.12
192,7970,2008-07-18,544.28,691.82
193,7971,2008-07-21,547.61,700.46
194,7972,2008-07-22,538.98,684.52
195,7973,2008-07-23,524.5,663.76
196,7974,2008-07-24,524.18,657.7
197,7975,2008-07-25,526.79,660.66
198,7976,2008-07-28,527.36,664.16
199,7977,2008-07-29,520.98,660.77
200,7978,2008-07-30,513.07,664.23
201,7979,2008-07-31,518.94,676.62
202,7980,2008-08-01,516.04,666.38
203,7981,2008-08-04,510.72,652.02
204,7982,2008-08-05,498.48,630.44
205,7983,2008-08-06,496.76,627.93
206,7984,2008-08-07,493.91,618.52
207,7985,2008-08-08,486.57,583.3
208,7986,2008-08-11,466.1,556.37
209,7987,2008-08-12,458.41,551.27
210,7988,2008-08-13,467.95,565.02
211,7989,2008-08-14,458.4,541.74
212,7991,2008-08-18,453.55,498.73
213,7992,2008-08-19,459.82,498.86
214,7993,2008-08-20,459.56,496.36
215,7994,2008-08-21,472.36,522.43
216,7995,2008-08-22,469.29,512.9
217,7996,2008-08-25,464.97,508.79
218,7997,2008-08-26,466.35,516.33
219,7998,2008-08-27,469.69,512.2
220,7999,2008-08-28,471.52,517.4
221,8000,2008-08-29,470.41,517.5
222,8001,2008-09-01,470.41,517.5
223,8002,2008-09-02,456.59,496.38
224,8003,2008-09-03,455.31,488.92
225,8004,2008-09-04,452.52,488.68
226,8005,2008-09-05,452.31,465.48
227,8006,2008-09-08,452.21,455.72
228,8013,2008-09-17,479.44,441.16
229,8014,2008-09-18,505.67,479.91
230,8015,2008-09-19,487.47,471.42
231,8016,2008-09-22,512.49,508.31
232,8017,2008-09-23,502.48,497.75
233,8018,2008-09-24,504.64,507.97
234,8019,2008-09-25,497.33,501.76
235,8020,2008-09-26,501.01,510.39
236,8021,2008-09-29,504.4,492.38
237,8022,2008-09-30,496.75,464.05
238,8023,2008-10-01,500.43,482.77
239,8024,2008-10-02,476.19,420.41
240,8025,2008-10-03,469.95,428.17
241,8026,2008-10-06,488.6,426.7
242,8027,2008-10-07,497.52,430.3
243,8028,2008-10-08,511.35,445.13
244,8029,2008-10-09,500.07,449.03
245,8030,2008-10-10,484.57,400.82
246,8031,2008-10-13,475.28,408.02
247,8032,2008-10-14,473.59,418.24
248,8033,2008-10-15,473.31,384.96
249,8034,2008-10-16,453.86,364.36
250,8061,2008-11-24,461.94,391.2
251,8062,2008-11-25,462.0,388.45
252,8063,2008-11-26,456.82,387.09
253,8064,2008-11-27,456.82,387.09
254,8065,2008-11-28,461.16,385.63
255,8073,2008-12-10,455.42,384.5
256,8074,2008-12-11,465.45,392.98
257,8075,2008-12-12,462.01,385.63
258,8076,2008-12-15,471.02,400.34
259,8077,2008-12-16,474.51,403.54
260,8078,2008-12-17,489.04,430.49
261,8079,2008-12-18,484.59,419.19
262,8080,2008-12-19,471.53,409.01
263,8081,2008-12-22,477.05,409.39
264,8082,2008-12-23,471.93,386.77
265,8083,2008-12-24,477.5,390.16
266,8084,2008-12-25,477.5,390.16
267,8085,2008-12-26,490.57,396.95
268,8086,2008-12-29,492.88,407.51
269,8087,2008-12-30,489.9,413.91
270,8088,2008-12-31,497.95,425.79
271,8089,2009-01-01,497.95,425.79
272,8090,2009-01-02,495.25,433.14
273,8091,2009-01-05,483.03,424.85
274,8092,2009-01-06,487.65,431.45
275,8093,2009-01-07,473.97,418.63
276,8094,2009-01-08,481.18,418.33
277,8095,2009-01-09,481.47,426.74
278,8096,2009-01-12,462.32,405.26
279,8097,2009-01-13,462.19,402.62
280,8098,2009-01-14,455.45,394.9
281,8099,2009-01-15,454.78,393.58
282,8100,2009-01-16,473.11,422.8
283,8101,2009-01-19,473.11,422.8
284,8102,2009-01-20,481.66,421.29
285,8103,2009-01-21,478.79,426.95
286,8104,2009-01-22,483.74,428.46
287,8105,2009-01-23,504.66,450.14
288,8106,2009-01-26,511.97,456.55
289,8107,2009-01-27,506.75,459.0
290,8108,2009-01-28,500.34,451.01
291,8109,2009-01-29,509.62,457.88
292,8110,2009-01-30,521.93,473.71
293,8111,2009-02-02,510.02,468.06
294,8112,2009-02-03,501.76,463.73
295,8113,2009-02-04,507.22,470.15
296,8114,2009-02-05,513.97,480.71
297,8115,2009-02-06,514.03,496.17
298,8116,2009-02-09,501.95,483.73
299,8117,2009-02-10,513.99,495.07
300,8118,2009-02-11,531.03,509.83
301,8119,2009-02-12,533.67,509.45
302,8120,2009-02-13,529.74,513.82
303,8121,2009-02-16,529.74,513.82
304,8122,2009-02-17,543.99,528.48
305,8123,2009-02-18,550.01,539.01
306,8124,2009-02-19,549.06,525.59
307,8125,2009-02-20,563.51,546.58
308,8126,2009-02-23,559.48,545.02
309,8127,2009-02-24,545.15,527.83
310,8128,2009-02-25,543.3,523.28
311,8129,2009-02-26,530.03,488.11
312,8130,2009-02-27,529.98,493.2
313,8131,2009-03-02,528.59,491.7
314,8132,2009-03-03,513.74,478.35
315,8133,2009-03-04,509.87,485.88
316,8134,2009-03-05,521.74,493.6
317,8135,2009-03-06,530.12,501.61
318,8136,2009-03-09,516.25,486.84
319,8137,2009-03-10,503.81,471.79
320,8138,2009-03-11,512.16,481.58
321,8139,2009-03-12,519.63,486.96
322,8140,2009-03-13,523.11,497.2
323,8141,2009-03-16,518.58,484.98
324,8142,2009-03-17,515.67,476.71
325,8143,2009-03-18,500.07,449.06
326,8144,2009-03-19,539.18,508.7
327,8145,2009-03-20,537.78,520.74
328,8146,2009-03-23,535.72,522.07
329,8147,2009-03-24,519.56,502.58
330,8148,2009-03-25,526.3,505.59
331,8149,2009-03-26,528.66,512.48
332,8150,2009-03-27,519.18,499.05
333,8151,2009-03-30,514.92,490.41
334,8152,2009-03-31,519.02,488.6
335,8153,2009-04-01,520.54,488.23
336,8154,2009-04-02,509.99,490.11
337,8155,2009-04-03,503.49,479.2
338,8156,2009-04-06,489.75,455.69
339,8157,2009-04-07,495.64,459.46
340,8158,2009-04-08,497.1,464.35
341,8159,2009-04-09,495.65,463.99
342,8160,2009-04-10,495.65,463.99
343,8161,2009-04-13,502.67,480.49
344,8162,2009-04-14,500.54,480.38
345,8163,2009-04-15,501.39,481.66
346,8164,2009-04-16,493.7,461.12
347,8165,2009-04-17,487.03,443.59
348,8166,2009-04-20,498.03,455.46
349,8167,2009-04-21,495.34,453.77
350,8168,2009-04-22,500.84,463.05
351,8169,2009-04-23,508.76,479.98
352,8170,2009-04-24,512.97,486.26
353,8171,2009-04-27,509.66,487.58
354,8172,2009-04-28,501.47,466.59
355,8173,2009-04-29,505.35,479.69
356,8174,2009-04-30,500.13,462.8
357,8175,2009-05-01,498.45,469.37
358,8176,2009-05-04,506.31,492.39
359,8177,2009-05-05,507.49,503.92
360,8178,2009-05-06,511.25,514.82
361,8179,2009-05-07,513.78,526.84
362,8180,2009-05-08,513.44,524.02
363,8181,2009-05-11,512.68,522.34
364,8182,2009-05-12,518.55,533.8
365,8183,2009-05-13,519.67,526.48
366,8184,2009-05-14,521.02,527.23
367,8185,2009-05-15,522.59,526.11
368,8186,2009-05-18,517.22,519.36
369,8187,2009-05-19,520.02,530.44
370,8188,2009-05-20,526.02,536.26
371,8189,2009-05-21,533.64,542.46
372,8190,2009-05-22,537.95,551.85
373,8191,2009-05-25,537.95,551.85
374,8192,2009-05-26,534.94,548.29
375,8193,2009-05-27,535.0,558.25
376,8194,2009-05-28,539.48,569.33
377,8195,2009-05-29,549.06,586.23
378,8196,2009-06-01,548.9,590.94
379,8197,2009-06-02,551.37,599.2
380,8198,2009-06-03,540.84,574.98
381,8199,2009-06-04,550.2,596.95
382,8200,2009-06-05,539.17,577.91
383,8201,2009-06-08,533.52,561.66
384,8202,2009-06-09,534.75,568.63
385,8203,2009-06-10,534.75,571.85
386,8204,2009-06-11,538.85,581.93
387,8205,2009-06-12,526.92,558.7
388,8206,2009-06-15,519.53,527.01
389,8207,2009-06-16,522.17,530.76
390,8208,2009-06-17,524.3,536.34
391,8209,2009-06-18,523.52,534.84
392,8210,2009-06-19,524.42,533.39
393,8211,2009-06-22,515.91,514.81
394,8212,2009-06-23,517.76,519.98
395,8213,2009-06-24,523.42,522.46
396,8214,2009-06-25,526.28,525.83
397,8215,2009-06-26,527.12,530.48
398,8216,2009-06-29,526.96,523.71
399,8217,2009-06-30,519.52,509.66
400,8218,2009-07-01,527.3,515.66
401,8219,2009-07-02,521.54,502.47
402,8220,2009-07-03,521.54,502.47
403,8221,2009-07-06,517.8,496.11
404,8222,2009-07-07,520.49,495.44
405,8223,2009-07-08,509.4,481.65
406,8224,2009-07-09,513.29,484.76
407,8225,2009-07-10,511.22,473.89
408,8226,2009-07-13,516.82,479.15
409,8227,2009-07-14,516.94,481.77
410,8228,2009-07-15,526.22,495.01
411,8229,2009-07-16,523.99,496.02
412,8230,2009-07-17,525.16,502.32
413,8231,2009-07-20,531.48,510.65
414,8232,2009-07-21,530.37,505.14
415,8233,2009-07-22,533.94,513.46
416,8234,2009-07-23,534.84,516.09
417,8235,2009-07-24,533.89,520.03
418,8236,2009-07-27,534.13,524.35
419,8237,2009-07-28,525.97,514.98
420,8238,2009-07-29,519.27,496.92
421,8239,2009-07-30,523.52,505.43
422,8240,2009-07-31,533.86,522.48
423,8241,2009-08-03,535.54,534.19
424,8242,2009-08-04,541.63,550.79
425,8243,2009-08-05,539.74,553.23
426,8244,2009-08-06,537.84,548.92
427,8245,2009-08-07,535.94,549.79
428,8246,2009-08-10,528.91,538.06
429,8247,2009-08-11,529.31,537.66
430,8248,2009-08-12,532.05,546.67
431,8249,2009-08-13,534.28,561.77
432,8250,2009-08-14,529.93,551.86
433,8251,2009-08-17,522.73,523.72
434,8252,2009-08-18,524.63,523.17
435,8253,2009-08-19,527.76,519.95
436,8254,2009-08-20,526.04,520.11
437,8255,2009-08-21,533.3,530.8
438,8256,2009-08-24,527.16,532.0
439,8257,2009-08-25,528.45,536.31
440,8258,2009-08-26,528.34,534.14
441,8259,2009-08-27,529.18,532.76
442,8260,2009-08-28,535.61,553.85
443,8261,2009-08-31,532.65,557.89
444,8262,2009-09-01,534.33,563.01
445,8263,2009-09-02,546.62,574.42
446,8264,2009-09-03,557.35,609.0
447,8265,2009-09-04,556.8,608.82
448,8266,2009-09-07,556.8,608.82
449,8267,2009-09-08,558.54,617.24
450,8268,2009-09-09,557.03,615.75
451,8269,2009-09-10,556.87,623.23
452,8270,2009-09-11,562.23,624.35
453,8271,2009-09-14,559.28,621.48
454,8272,2009-09-15,562.18,635.58
455,8273,2009-09-16,569.95,651.65
456,8274,2009-09-17,566.21,645.49
457,8275,2009-09-18,564.42,638.01
458,8276,2009-09-21,561.41,631.1
459,8277,2009-09-22,567.34,639.89
460,8278,2009-09-23,566.72,632.23
461,8279,2009-09-24,558.07,609.24
462,8280,2009-09-25,553.99,600.45
463,8281,2009-09-28,555.39,605.51
464,8282,2009-09-29,555.56,604.87
465,8283,2009-09-30,563.89,622.82
466,8284,2009-10-01,559.08,614.67
467,8285,2009-10-02,561.1,606.82
468,8286,2009-10-05,568.65,618.23
469,8287,2009-10-06,580.88,646.65
470,8288,2009-10-07,583.51,654.31
471,8289,2009-10-08,590.16,666.09
472,8290,2009-10-09,585.86,661.42
473,8291,2009-10-12,590.83,666.29
474,8292,2009-10-13,595.03,667.03
475,8293,2009-10-14,594.86,669.58
476,8294,2009-10-15,586.98,651.15
477,8295,2009-10-16,587.49,651.33
478,8296,2009-10-19,591.18,659.0
479,8297,2009-10-20,591.46,656.5
480,8298,2009-10-21,594.76,666.48
481,8299,2009-10-22,591.46,656.02
482,8300,2009-10-23,590.23,662.67
483,8301,2009-10-26,582.64,639.2
484,8302,2009-10-27,578.5,618.45
485,8303,2009-10-28,575.77,607.23
486,8304,2009-10-29,585.04,622.75
487,8305,2009-10-30,581.3,607.79
488,8306,2009-11-02,588.9,614.72
489,8307,2009-11-03,606.17,642.39
490,8308,2009-11-04,607.51,650.8
491,8309,2009-11-05,608.63,650.99
492,8310,2009-11-06,612.21,649.68
493,8311,2009-11-09,615.41,653.62
494,8312,2009-11-10,616.02,643.97
495,8313,2009-11-11,622.78,655.76
496,8314,2009-11-12,618.31,645.57
497,8315,2009-11-13,623.95,649.87
498,8316,2009-11-16,636.57,688.01
499,8317,2009-11-17,636.68,687.49
500,8318,2009-11-18,637.68,688.53
501,8319,2009-11-19,638.08,689.99
502,8320,2009-11-20,640.76,689.47
503,8321,2009-11-23,650.8,695.93
504,8322,2009-11-24,651.48,690.15
505,8323,2009-11-25,663.31,701.56
506,8324,2009-11-26,663.31,701.56
507,8325,2009-11-27,656.0,684.21
508,8326,2009-11-30,659.79,691.31
509,8327,2009-12-01,669.78,716.87
510,8328,2009-12-02,676.93,721.16
511,8329,2009-12-03,679.89,713.81
512,8330,2009-12-04,652.66,691.12
513,8331,2009-12-07,649.59,685.16
514,8332,2009-12-08,638.09,664.52
515,8333,2009-12-09,625.54,641.12
516,8334,2009-12-10,628.5,641.42
517,8335,2009-12-11,624.98,637.77
518,8336,2009-12-14,627.16,647.1
519,8337,2009-12-15,626.72,651.39
520,8338,2009-12-16,634.08,660.27
521,8339,2009-12-17,618.01,641.69
522,8340,2009-12-18,620.3,646.36
523,8341,2009-12-21,611.65,635.72
524,8342,2009-12-22,606.46,635.54
525,8343,2009-12-23,610.54,641.51
526,8344,2009-12-24,616.57,650.84
527,8345,2009-12-25,616.57,650.84
528,8346,2009-12-28,618.3,655.32
529,8347,2009-12-29,612.83,638.53
530,8348,2009-12-30,609.71,627.04
531,8349,2009-12-31,611.78,628.65
532,8350,2010-01-01,611.78,628.65
533,8351,2010-01-04,624.12,651.72
534,8352,2010-01-05,624.34,664.29
535,8353,2010-01-06,634.28,678.29
536,8354,2010-01-07,632.72,684.64
537,8355,2010-01-08,635.62,689.3
538,8356,2010-01-11,642.6,697.71
539,8357,2010-01-12,630.33,681.29
540,8358,2010-01-13,634.46,692.3
541,8359,2010-01-14,637.87,696.22
542,8360,2010-01-15,630.9,687.71
543,8361,2010-01-18,630.9,687.71
544,8362,2010-01-19,636.14,701.63
545,8363,2010-01-20,620.76,667.3
546,8364,2010-01-21,615.52,653.49
547,8365,2010-01-22,608.05,631.92
548,8366,2010-01-25,611.4,639.87
549,8367,2010-01-26,612.91,629.24
550,8368,2010-01-27,605.21,613.56
551,8369,2010-01-28,604.71,605.05
552,8370,2010-01-29,604.16,604.23
553,8371,2010-02-01,615.98,621.78
554,8372,2010-02-02,623.23,624.88
555,8373,2010-02-03,619.88,608.98
556,8374,2010-02-04,592.57,572.89
557,8375,2010-02-05,586.89,553.48
558,8376,2010-02-08,594.36,563.03
559,8377,2010-02-09,600.49,576.1
560,8378,2010-02-10,599.99,571.07
561,8379,2010-02-11,610.25,581.91
562,8380,2010-02-12,607.64,576.54
563,8381,2010-02-15,607.64,576.54
564,8382,2010-02-16,624.25,602.75
565,8383,2010-02-17,624.42,600.81
566,8384,2010-02-18,623.65,599.4
567,8385,2010-02-19,625.54,612.59
568,8386,2010-02-22,620.53,605.48
569,8387,2010-02-23,615.01,592.99
570,8388,2010-02-24,611.67,594.86
571,8389,2010-02-25,617.97,601.16
572,8390,2010-02-26,623.77,615.66
573,8391,2010-03-01,623.44,613.72
574,8392,2010-03-02,634.09,635.9
575,8393,2010-03-03,637.38,645.78
576,8394,2010-03-04,631.7,640.08
577,8395,2010-03-05,632.87,647.76
578,8396,2010-03-08,626.64,643.66
579,8397,2010-03-09,625.69,646.13
580,8398,2010-03-10,617.78,634.2
581,8399,2010-03-11,617.84,639.5
582,8400,2010-03-12,614.22,635.33
583,8401,2010-03-15,616.24,637.57
584,8402,2010-03-16,625.71,646.74
585,8403,2010-03-17,626.66,653.04
586,8404,2010-03-18,628.5,649.28
587,8405,2010-03-19,617.47,634.75
588,8406,2010-03-22,612.97,631.14
589,8407,2010-03-23,615.31,634.58
590,8408,2010-03-24,606.96,620.19
591,8409,2010-03-25,609.3,623.92
592,8410,2010-03-26,615.6,630.07
593,8411,2010-03-29,619.0,648.01
594,8412,2010-03-30,615.78,645.89
595,8413,2010-03-31,620.68,653.19
596,8414,2010-04-01,627.14,666.76
597,8415,2010-04-02,627.14,666.76
598,8416,2010-04-05,631.44,675.27
599,8417,2010-04-06,632.67,668.31
600,8418,2010-04-07,642.14,678.3
601,8419,2010-04-08,642.09,675.62
602,8420,2010-04-09,647.1,683.97
603,8421,2010-04-12,647.28,686.33
604,8422,2010-04-13,642.38,680.15
605,8423,2010-04-14,645.84,686.36
606,8424,2010-04-15,646.23,687.07
607,8425,2010-04-16,633.2,658.75
608,8426,2010-04-19,632.59,660.84
609,8427,2010-04-20,634.49,664.31
610,8428,2010-04-21,639.84,673.91
611,8429,2010-04-22,636.56,671.31
612,8430,2010-04-23,642.57,678.16
613,8431,2010-04-26,642.75,683.6
614,8432,2010-04-27,647.32,675.42
615,8433,2010-04-28,652.67,674.9
616,8434,2010-04-29,651.0,691.42
617,8435,2010-04-30,657.63,693.66
618,8436,2010-05-03,659.09,701.15
619,8437,2010-05-04,651.24,664.01
620,8438,2010-05-05,654.47,652.55
621,8439,2010-05-06,666.9,651.85
622,8440,2010-05-07,674.19,686.68
623,8441,2010-05-10,668.85,690.45
624,8442,2010-05-11,679.73,718.07
625,8443,2010-05-12,692.42,731.81
626,8444,2010-05-13,684.69,725.71
627,8445,2010-05-14,683.91,715.51
628,8446,2010-05-17,684.09,701.9
629,8447,2010-05-18,676.58,702.65
630,8448,2010-05-19,664.63,674.22
631,8449,2010-05-20,662.13,659.33
632,8450,2010-05-21,655.18,656.95
633,8451,2010-05-24,665.14,669.95
634,8452,2010-05-25,667.37,661.8
635,8453,2010-05-26,676.0,681.35
636,8454,2010-05-27,675.5,687.38
637,8455,2010-05-28,675.83,685.67
638,8456,2010-05-31,675.83,685.67
639,8457,2010-06-01,682.47,690.48
640,8458,2010-06-02,680.08,681.7
641,8459,2010-06-03,673.07,667.41
642,8460,2010-06-04,677.36,643.89
643,8461,2010-06-07,690.22,676.02
644,8462,2010-06-08,692.89,687.76
645,8463,2010-06-09,684.16,677.05
646,8464,2010-06-10,679.88,683.08
647,8465,2010-06-11,684.33,678.65
648,8466,2010-06-14,681.17,685.34
649,8467,2010-06-15,686.68,691.58
650,8468,2010-06-16,684.51,686.49
651,8469,2010-06-17,694.63,698.97
652,8470,2010-06-18,699.97,714.16
653,8471,2010-06-21,690.19,700.17
654,8472,2010-06-22,690.25,703.62
655,8473,2010-06-23,686.91,687.17
656,8474,2010-06-24,693.09,697.28
657,8475,2010-06-25,698.82,711.24
658,8476,2010-06-28,689.03,695.13
659,8477,2010-06-29,691.15,692.05
660,8478,2010-06-30,693.1,694.77
661,8479,2010-07-01,671.3,660.68
662,8480,2010-07-02,671.86,658.04
663,8481,2010-07-05,671.86,658.04
664,8482,2010-07-06,664.86,663.18
665,8483,2010-07-07,666.98,668.49
666,8484,2010-07-08,665.42,663.74
667,8485,2010-07-09,673.04,671.21
668,8486,2010-07-12,666.88,665.43
669,8487,2010-07-13,675.1,678.06
670,8488,2010-07-14,671.54,679.29
671,8489,2010-07-15,672.27,681.96
672,8490,2010-07-16,661.07,660.65
673,8491,2010-07-19,657.58,651.56
674,8492,2010-07-20,662.97,657.13
675,8493,2010-07-21,662.97,661.22
676,8494,2010-07-22,665.08,672.99
677,8495,2010-07-23,660.81,672.29
678,8496,2010-07-26,658.27,675.98
679,8497,2010-07-27,644.3,654.66
680,8498,2010-07-28,644.63,647.79
681,8499,2010-07-29,649.51,654.33
682,8500,2010-07-30,656.56,668.67
683,8501,2010-08-02,657.4,684.13
684,8502,2010-08-03,658.57,684.25
685,8503,2010-08-04,663.23,678.9
686,8504,2010-08-05,665.12,680.5
687,8505,2010-08-06,668.45,686.11
688,8506,2010-08-09,666.96,677.58
689,8507,2010-08-10,664.41,674.47
690,8508,2010-08-11,665.08,664.98
691,8509,2010-08-12,674.79,671.02
692,8510,2010-08-13,674.74,672.66
693,8511,2010-08-16,680.07,684.44
694,8512,2010-08-17,681.24,690.63
695,8513,2010-08-18,682.96,683.3
696,8514,2010-08-19,685.18,680.6
697,8515,2010-08-20,681.52,668.08
698,8516,2010-08-23,681.36,668.13
699,8517,2010-08-24,684.08,682.43
700,8518,2010-08-25,688.47,706.28
701,8519,2010-08-26,686.48,704.43
702,8520,2010-08-27,686.59,706.36
703,8521,2010-08-30,687.32,706.37
704,8522,2010-08-31,693.48,719.63
705,8523,2010-09-01,692.26,718.19
706,8524,2010-09-02,695.2,728.52
707,8525,2010-09-03,693.93,738.78
708,8526,2010-09-06,693.93,738.78
709,8527,2010-09-07,698.49,737.5
710,8528,2010-09-08,697.49,741.02
711,8529,2010-09-09,693.84,735.32
712,8530,2010-09-10,691.4,734.95
713,8531,2010-09-13,691.74,746.29
714,8532,2010-09-14,705.39,756.7
715,8533,2010-09-15,703.73,761.85
716,8534,2010-09-16,706.56,769.26
717,8535,2010-09-17,708.61,770.93
718,8536,2010-09-20,710.45,770.46
719,8537,2010-09-21,706.85,764.43
720,8538,2010-09-22,716.73,779.8
721,8539,2010-09-23,719.06,785.66
722,8540,2010-09-24,720.06,792.55
723,8541,2010-09-27,720.35,795.23
724,8542,2010-09-28,725.73,803.97
725,8543,2010-09-29,726.84,813.05
726,8544,2010-09-30,726.46,808.2
727,8545,2010-10-01,731.01,817.05
728,8546,2010-10-04,730.46,816.18
729,8547,2010-10-05,743.5,842.14
730,8548,2010-10-06,747.61,853.48
731,8549,2010-10-07,740.57,836.48
732,8550,2010-10-08,746.28,855.78
733,8551,2010-10-11,751.34,864.83
734,8552,2010-10-12,747.07,857.35
735,8553,2010-10-13,760.28,886.43
736,8554,2010-10-14,764.22,905.06
737,8555,2010-10-15,761.11,899.62
738,8556,2010-10-18,761.18,904.26
739,8557,2010-10-19,741.15,880.82
740,8558,2010-10-20,745.71,883.93
741,8559,2010-10-21,735.39,857.08
742,8560,2010-10-22,735.12,856.31
743,8561,2010-10-25,742.78,872.1
744,8562,2010-10-26,742.62,882.69
745,8563,2010-10-27,733.74,866.92
746,8564,2010-10-28,744.79,884.37
747,8565,2010-10-29,753.17,909.89
748,8566,2010-11-01,749.29,909.46
749,8567,2010-11-02,752.79,919.98
750,8568,2010-11-03,742.08,905.17
751,8569,2010-11-04,767.33,964.7
752,8570,2010-11-05,775.43,990.81
753,8571,2010-11-08,778.5,1016.18
754,8572,2010-11-09,782.35,1070.83
755,8573,2010-11-10,776.33,995.24
756,8574,2010-11-11,778.6,1015.32
757,8575,2010-11-12,757.61,961.06
758,8576,2010-11-15,759.28,966.65
759,8577,2010-11-16,742.55,934.84
760,8578,2010-11-17,741.72,945.15
761,8579,2010-11-18,750.64,994.07
762,8580,2010-11-19,750.26,1006.82
763,8581,2010-11-22,753.31,1017.24
764,8582,2010-11-23,764.28,1021.35
765,8583,2010-11-24,761.68,1019.73
766,8584,2010-11-25,761.68,1019.73
767,8585,2010-11-26,755.76,989.04
768,8586,2010-11-29,757.54,1004.6
769,8587,2010-11-30,767.85,1042.25
770,8588,2010-12-01,769.07,1049.68
771,8589,2010-12-02,769.63,1055.56
772,8590,2010-12-03,779.0,1081.39
773,8591,2010-12-06,784.49,1098.55
774,8592,2010-12-07,780.56,1100.1
775,8593,2010-12-08,766.27,1043.77
776,8594,2010-12-09,771.6,1064.65
777,8595,2010-12-10,767.22,1056.82
778,8596,2010-12-13,774.49,1094.48
779,8597,2010-12-14,777.98,1100.54
780,8598,2010-12-15,767.96,1080.78
781,8599,2010-12-16,759.54,1063.38
782,8600,2010-12-17,764.09,1076.35
783,8601,2010-12-20,767.92,1084.57
784,8602,2010-12-21,769.42,1086.01
785,8603,2010-12-22,768.64,1085.69
786,8604,2010-12-23,764.82,1083.58
787,8605,2010-12-24,764.82,1083.58
788,8606,2010-12-27,766.16,1080.9
789,8607,2010-12-28,778.74,1120.37
790,8608,2010-12-29,783.12,1134.45
791,8609,2010-12-30,778.92,1127.4
792,8610,2010-12-31,787.51,1143.07
793,8611,2011-01-03,788.35,1150.03
794,8612,2011-01-04,763.92,1090.29
795,8613,2011-01-05,761.1,1078.84
796,8614,2011-01-06,759.99,1076.19
797,8615,2011-01-07,758.45,1059.38
798,8616,2011-01-10,761.34,1066.41
799,8617,2011-01-11,767.01,1089.99
800,8618,2011-01-12,767.81,1091.7
801,8619,2011-01-13,768.48,1081.28
802,8620,2011-01-14,753.76,1046.44
803,8621,2011-01-17,753.76,1046.44
804,8622,2011-01-18,757.98,1068.33
805,8623,2011-01-19,759.15,1064.24
806,8624,2011-01-20,745.92,1015.17
807,8625,2011-01-21,742.88,1013.47
808,8626,2011-01-24,744.78,1009.57
809,8627,2011-01-25,738.03,990.51
810,8628,2011-01-26,738.42,1002.45
811,8629,2011-01-27,730.29,998.87
812,8630,2011-01-28,742.41,1031.69
813,8631,2011-01-31,738.43,1040.94
814,8632,2011-02-01,741.65,1053.69
815,8633,2011-02-02,737.11,1045.38
816,8634,2011-02-03,748.68,1061.61
817,8635,2011-02-04,746.47,1073.84
818,8636,2011-02-07,746.04,1084.35
819,8637,2011-02-08,754.84,1118.66
820,8638,2011-02-09,755.62,1118.83
821,8639,2011-02-10,753.96,1112.12
822,8640,2011-02-11,752.8,1108.43
823,8641,2011-02-14,755.41,1128.39
824,8642,2011-02-15,760.39,1134.37
825,8643,2011-02-16,760.95,1131.53
826,8644,2011-02-17,766.49,1166.14
827,8645,2011-02-18,768.43,1192.14
828,8646,2011-02-21,768.43,1192.14
829,8647,2011-02-22,775.35,1213.24
830,8648,2011-02-23,782.5,1229.79
831,8649,2011-02-24,783.49,1225.21
832,8650,2011-02-25,779.9,1215.73
833,8651,2011-02-28,780.24,1248.86
834,8652,2011-03-01,792.03,1271.28
835,8653,2011-03-02,795.63,1286.35
836,8654,2011-03-03,783.85,1267.6
837,8655,2011-03-04,790.6,1304.53
838,8656,2011-03-07,793.88,1324.41
839,8657,2011-03-08,789.85,1316.77
840,8658,2011-03-09,791.18,1331.14
841,8659,2011-03-10,781.72,1294.92
842,8660,2011-03-11,786.78,1327.01
843,8661,2011-03-14,788.5,1323.52
844,8662,2011-03-15,770.76,1259.89
845,8663,2011-03-16,772.58,1273.01
846,8664,2011-03-17,777.06,1265.11
847,8665,2011-03-18,783.64,1294.65
848,8666,2011-03-21,789.34,1329.49
849,8667,2011-03-22,790.07,1339.39
850,8668,2011-03-23,795.82,1373.7
851,8669,2011-03-24,794.11,1380.24
852,8670,2011-03-25,789.24,1368.2
853,8671,2011-03-28,785.77,1369.65
854,8672,2011-03-29,783.67,1365.93
855,8673,2011-03-30,787.76,1385.28
856,8674,2011-03-31,796.06,1399.21
857,8675,2011-04-01,789.98,1393.45
858,8676,2011-04-04,792.25,1421.6
859,8677,2011-04-05,803.03,1447.05
860,8678,2011-04-06,806.35,1454.59
861,8679,2011-04-07,806.79,1460.68
862,8680,2011-04-08,814.98,1499.68
863,8681,2011-04-11,811.66,1499.85
864,8682,2011-04-12,803.65,1479.67
865,8683,2011-04-13,804.75,1486.04
866,8684,2011-04-14,814.04,1538.67
867,8685,2011-04-15,821.56,1572.07
868,8686,2011-04-18,825.38,1586.14
869,8687,2011-04-19,826.6,1621.09
870,8688,2011-04-20,828.7,1641.39
871,8689,2011-04-21,831.41,1700.44
872,8690,2011-04-22,831.41,1700.44
873,8691,2011-04-25,834.35,1740.9
874,8692,2011-04-26,831.25,1663.62
875,8693,2011-04-27,838.77,1697.14
876,8694,2011-04-28,846.57,1754.49
877,8695,2011-04-29,860.51,1793.54
878,8696,2011-05-02,860.9,1700.73
879,8697,2011-05-03,851.67,1571.6
880,8698,2011-05-04,837.79,1453.62
881,8699,2011-05-05,819.05,1337.44
882,8700,2011-05-06,824.69,1302.28
883,8701,2011-05-09,831.1,1369.78
884,8702,2011-05-10,838.68,1420.34
885,8703,2011-05-11,830.11,1310.7
886,8704,2011-05-12,833.05,1284.2
887,8705,2011-05-13,825.76,1292.17
888,8706,2011-05-16,824.1,1259.66
889,8707,2011-05-17,818.25,1236.01
890,8708,2011-05-18,827.03,1295.28
891,8709,2011-05-19,825.1,1289.19
892,8710,2011-05-20,834.16,1294.91
893,8711,2011-05-23,837.75,1288.16
894,8712,2011-05-24,842.06,1333.33
895,8713,2011-05-25,844.0,1389.21
896,8714,2011-05-26,841.74,1377.7
897,8715,2011-05-27,849.25,1397.37
898,8716,2011-05-30,849.25,1397.37
899,8717,2011-05-31,848.98,1413.69
900,8718,2011-06-01,852.52,1391.14
901,8719,2011-06-02,846.72,1336.08
902,8720,2011-06-03,852.08,1335.68
903,8721,2011-06-06,854.73,1357.5
904,8722,2011-06-07,852.97,1367.24
905,8723,2011-06-08,850.04,1351.52
906,8724,2011-06-09,852.25,1381.19
907,8725,2011-06-10,844.79,1340.7
908,8726,2011-06-13,837.28,1281.64
909,8727,2011-06-14,842.15,1306.65
910,8728,2011-06-15,843.14,1306.58
911,8729,2011-06-16,845.19,1312.15
912,8730,2011-06-17,850.27,1319.05
913,8731,2011-06-20,851.88,1331.04
914,8732,2011-06-21,854.31,1342.44
915,8733,2011-06-22,858.18,1355.76
916,8734,2011-06-23,840.0,1291.65
917,8735,2011-06-24,829.17,1278.15
918,8736,2011-06-27,826.69,1239.31
919,8737,2011-06-28,828.79,1241.34
920,8738,2011-06-29,834.43,1282.54
921,8739,2011-06-30,830.23,1284.87
922,8740,2011-07-01,819.07,1243.3
923,8741,2011-07-04,819.07,1243.3
924,8742,2011-07-05,835.7,1306.2
925,8743,2011-07-06,844.82,1324.86
926,8744,2011-07-07,845.59,1347.73
927,8745,2011-07-08,851.67,1347.99
928,8746,2011-07-11,855.87,1316.82
929,8747,2011-07-12,863.1,1314.46
930,8748,2011-07-13,875.87,1407.31
931,8749,2011-07-14,877.93,1427.34
932,8750,2011-07-15,878.37,1441.25
933,8751,2011-07-18,885.21,1488.14
934,8752,2011-07-19,884.5,1483.68
935,8753,2011-07-20,882.24,1459.22
936,8754,2011-07-21,876.77,1436.68
937,8755,2011-07-22,884.83,1480.03
938,8756,2011-07-25,890.73,1488.85
939,8757,2011-07-26,893.44,1501.28
940,8758,2011-07-27,892.34,1496.49
941,8759,2011-07-28,891.73,1467.94
942,8760,2011-07-29,900.01,1479.45
943,8761,2011-08-01,894.77,1450.06
944,8762,2011-08-02,907.36,1478.94
945,8763,2011-08-03,919.39,1540.41
946,8764,2011-08-04,915.36,1454.57
947,8765,2011-08-05,911.39,1409.57
948,8766,2011-08-08,945.28,1452.72
949,8767,2011-08-09,961.72,1397.55
950,8768,2011-08-10,984.51,1450.79
951,8769,2011-08-11,966.42,1426.54
952,8770,2011-08-12,961.51,1442.87
953,8771,2011-08-15,970.01,1449.88
954,8772,2011-08-16,984.91,1468.71
955,8773,2011-08-17,989.76,1488.25
960,8778,2011-08-24,969.63,1444.87
961,8779,2011-08-25,972.88,1503.55
962,8780,2011-08-26,991.7,1511.22
963,8781,2011-08-29,988.55,1496.48
976,8794,2011-09-15,982.94,1455.95
978,8796,2011-09-19,981.56,1443.49
979,8797,2011-09-20,998.22,1479.39
980,8798,2011-09-21,997.67,1491.63
981,8799,2011-09-22,961.03,1348.21
982,8800,2011-09-23,904.81,1109.48
983,8801,2011-09-26,879.98,1104.88
984,8802,2011-09-27,911.82,1162.38
985,8803,2011-09-28,892.83,1110.7
986,8804,2011-09-29,892.39,1125.0
987,8805,2011-09-30,895.15,1108.82
988,8806,2011-10-03,914.69,1135.07
989,8807,2011-10-04,891.68,1099.83
990,8808,2011-10-05,905.81,1118.74
991,8809,2011-10-06,912.21,1179.67
992,8810,2011-10-07,902.61,1142.37
993,8811,2011-10-10,921.92,1178.75
994,8812,2011-10-11,916.51,1179.41
995,8813,2011-10-12,928.43,1208.57
996,8814,2011-10-13,920.65,1167.21
997,8815,2011-10-14,928.65,1185.86
998,8816,2011-10-17,925.12,1172.89
999,8817,2011-10-18,911.99,1173.26
1000,8818,2011-10-19,908.79,1152.84
1001,8819,2011-10-20,889.98,1116.13
1002,8820,2011-10-21,902.78,1149.75
1003,8821,2011-10-24,911.72,1166.37
1004,8822,2011-10-25,938.26,1218.27
1005,8823,2011-10-26,951.01,1227.78
1006,8824,2011-10-27,964.36,1294.2
1007,8825,2011-10-28,964.09,1300.69
1008,8826,2011-10-31,951.95,1266.27
1009,8827,2011-11-01,944.56,1206.44
1010,8828,2011-11-02,954.38,1251.12
1011,8829,2011-11-03,973.97,1271.58
1012,8830,2011-11-04,969.0,1256.32
1013,8831,2011-11-07,988.31,1283.74
1014,8832,2011-11-08,992.79,1295.75
1015,8833,2011-11-09,988.6,1266.59
1016,8834,2011-11-10,970.93,1257.21
1017,8835,2011-11-11,986.68,1278.58
1018,8836,2011-11-14,981.33,1254.34
1019,8837,2011-11-15,983.43,1270.31
1020,8838,2011-11-16,979.13,1247.05
1021,8839,2011-11-17,949.38,1161.51
1022,8840,2011-11-18,952.13,1195.36
1023,8841,2011-11-21,926.62,1147.46
1024,8842,2011-11-22,939.79,1215.3
1025,8843,2011-11-23,936.1,1176.05
1026,8844,2011-11-24,936.1,1176.05
1027,8845,2011-11-25,930.42,1143.96
1028,8846,2011-11-28,944.75,1186.28
1029,8847,2011-11-29,947.18,1175.53
1030,8848,2011-11-30,964.48,1206.96
1031,8849,2011-12-01,958.69,1205.3
1032,8850,2011-12-02,965.03,1202.62
1033,8851,2011-12-05,955.78,1191.07
1034,8852,2011-12-06,954.29,1204.75
1035,8853,2011-12-07,961.45,1200.45
1036,8854,2011-12-08,944.15,1160.38
1037,8855,2011-12-09,946.02,1186.69
1038,8856,2011-12-12,919.24,1140.66
1039,8857,2011-12-13,916.43,1150.15
1040,8858,2011-12-14,874.45,1064.61
1041,8859,2011-12-15,869.1,1077.08
1042,8860,2011-12-16,880.51,1091.69
1043,8861,2011-12-19,879.85,1062.36
1044,8862,2011-12-20,891.36,1086.72
1045,8863,2011-12-21,889.16,1076.16
1046,8864,2011-12-22,887.51,1068.73
1047,8865,2011-12-23,884.97,1070.09
1048,8866,2011-12-26,884.97,1070.09
1049,8867,2011-12-27,879.19,1057.44
1050,8868,2011-12-28,861.88,1002.03
1051,8869,2011-12-29,849.1,1005.01
1052,8870,2011-12-30,863.37,1027.08
1053,8871,2012-01-02,863.37,1027.08
1054,8872,2012-01-03,881.95,1088.05
1055,8873,2012-01-04,888.67,1070.58
1056,8874,2012-01-05,892.75,1077.9
1057,8875,2012-01-06,890.93,1055.34
1058,8876,2012-01-09,886.14,1058.99
1059,8877,2012-01-10,899.05,1097.0
1060,8878,2012-01-11,903.53,1099.76
1061,8879,2012-01-12,907.99,1108.37
1062,8880,2012-01-13,898.6,1086.22
1063,8881,2012-01-16,898.6,1086.22
1064,8882,2012-01-17,912.25,1108.77
1065,8883,2012-01-18,914.56,1123.79
1066,8884,2012-01-19,911.59,1122.54
1067,8885,2012-01-20,916.87,1165.44
1068,8886,2012-01-23,924.74,1187.33
1069,8887,2012-01-24,917.2,1176.48
1070,8888,2012-01-25,936.79,1218.65
1071,8889,2012-01-26,951.58,1241.53
1072,8890,2012-01-27,954.61,1243.27
1073,8891,2012-01-30,954.06,1233.59
1074,8892,2012-01-31,957.36,1223.84
1075,8893,2012-02-01,962.37,1243.9
1076,8894,2012-02-02,967.76,1257.44
1077,8895,2012-02-03,957.31,1241.77
1078,8896,2012-02-06,948.85,1241.81
1079,8897,2012-02-07,961.78,1258.15
1080,8898,2012-02-08,952.37,1240.12
1081,8899,2012-02-09,957.82,1247.97
1082,8900,2012-02-10,949.07,1236.47
1083,8901,2012-02-13,948.86,1240.81
1084,8902,2012-02-14,944.9,1227.08
1085,8903,2012-02-15,950.63,1229.36
1086,8904,2012-02-16,950.79,1228.0
1087,8905,2012-02-17,949.42,1222.32
1088,8906,2012-02-20,949.42,1222.32
1089,8907,2012-02-21,967.36,1267.06
1090,8908,2012-02-22,974.41,1260.75
1091,8909,2012-02-23,982.66,1308.79
1092,8910,2012-02-24,977.22,1300.86
1093,8911,2012-02-27,976.4,1307.63
1094,8912,2012-02-28,983.83,1366.43
1095,8913,2012-02-29,941.42,1272.3
1096,8914,2012-03-01,947.42,1309.73
1097,8915,2012-03-02,940.6,1268.01
1098,8916,2012-03-05,937.36,1237.54
1099,8917,2012-03-06,919.87,1204.05
1100,8918,2012-03-07,926.36,1233.51
1101,8919,2012-03-08,934.51,1242.54
1102,8920,2012-03-09,941.55,1256.54
1103,8921,2012-03-12,935.06,1227.2
1104,8922,2012-03-13,931.98,1233.38
1105,8923,2012-03-14,903.7,1181.96
1106,8924,2012-03-15,912.76,1201.98
1107,8925,2012-03-16,910.73,1197.5
1108,8926,2012-03-19,917.11,1210.4
1109,8927,2012-03-20,905.96,1169.23
1110,8928,2012-03-21,907.78,1183.67
1111,8929,2012-03-22,903.5,1151.28
1112,8930,2012-03-23,914.48,1185.33
1113,8931,2012-03-26,927.29,1202.9
1114,8932,2012-03-27,927.02,1197.98
1115,8933,2012-03-28,912.08,1169.15
1116,8934,2012-03-29,909.0,1175.06
1117,8935,2012-03-30,918.34,1193.14
1118,8936,2012-04-02,922.64,1215.7
1119,8937,2012-04-03,918.41,1221.83
1120,8938,2012-04-04,886.61,1140.26
1121,8939,2012-04-05,895.4,1165.46
1122,8940,2012-04-06,895.4,1165.46
1123,8941,2012-04-09,902.98,1157.9
1124,8942,2012-04-10,912.21,1163.6
1125,8943,2012-04-11,912.0,1157.81
1126,8944,2012-04-12,923.15,1194.69
1127,8945,2012-04-13,911.95,1153.04
1128,8946,2012-04-16,906.19,1152.49
1129,8947,2012-04-17,906.96,1163.57
1130,8948,2012-04-18,900.64,1156.68
1131,8949,2012-04-19,901.63,1167.46
1132,8950,2012-04-20,902.4,1162.81
1133,8951,2012-04-23,896.81,1121.72
1134,8952,2012-04-24,902.96,1129.64
1135,8953,2012-04-25,902.14,1115.35
1136,8954,2012-04-26,912.14,1146.54
1137,8955,2012-04-27,914.5,1151.5
1138,8956,2012-04-30,914.18,1137.02
1139,8957,2012-05-01,913.19,1133.87
1140,8958,2012-05-02,908.58,1123.43
1141,8959,2012-05-03,898.04,1100.15
1142,8960,2012-05-04,903.75,1115.63
1143,8961,2012-05-07,900.41,1104.27
1144,8962,2012-05-08,881.41,1079.97
1145,8963,2012-05-09,875.76,1071.98
1146,8964,2012-05-10,876.47,1069.67
1147,8965,2012-05-11,870.16,1059.12
1148,8966,2012-05-14,857.5,1039.44
1149,8967,2012-05-15,855.36,1029.43
1150,8968,2012-05-16,844.06,997.03
1151,8969,2012-05-17,865.13,1027.24
1152,8970,2012-05-18,874.51,1052.72
1153,8971,2012-05-21,872.76,1038.28
1154,8972,2012-05-22,866.07,1033.08
1155,8973,2012-05-23,850.61,1008.89
1156,8974,2012-05-24,855.65,1032.28
1157,8975,2012-05-25,861.91,1040.68
1158,8976,2012-05-28,861.91,1040.68
1159,8977,2012-05-29,850.84,1018.87
1160,8978,2012-05-30,858.9,1025.91
1161,8979,2012-05-31,858.08,1017.63
1162,8980,2012-06-01,889.85,1045.31
1163,8981,2012-06-04,885.36,1026.8
1164,8982,2012-06-05,887.0,1041.4
1165,8983,2012-06-06,896.5,1081.11
1166,8984,2012-06-07,871.15,1045.95
1167,8985,2012-06-08,873.02,1043.83
1168,8986,2012-06-11,875.99,1049.19
1169,8987,2012-06-12,885.32,1061.47
1170,8988,2012-06-13,888.39,1061.21
1171,8989,2012-06-14,888.5,1041.64
1172,8990,2012-06-15,893.17,1053.83
1173,8991,2012-06-18,892.57,1051.35
1174,8992,2012-06-19,890.49,1040.23
1175,8993,2012-06-20,886.43,1040.96
1176,8994,2012-06-21,858.84,984.15
1177,8995,2012-06-22,859.61,977.71
1178,8996,2012-06-25,871.41,1009.29
1179,8997,2012-06-26,864.01,991.59
1180,8998,2012-06-27,865.93,987.82
1181,8999,2012-06-28,850.57,961.89
1182,9000,2012-06-29,880.09,1010.22
1183,9001,2012-07-02,876.53,1006.09
1184,9002,2012-07-03,889.75,1034.67
1185,9003,2012-07-04,889.75,1034.67
1186,9004,2012-07-05,882.95,1012.43
1187,9005,2012-07-06,866.22,984.92
1188,9006,2012-07-09,871.83,1004.1
1189,9007,2012-07-10,866.74,983.54
1190,9008,2012-07-11,864.52,988.7
1191,9009,2012-07-12,858.79,993.75
1192,9010,2012-07-13,873.45,1001.36
1193,9011,2012-07-16,873.18,999.62
1194,9012,2012-07-17,872.04,999.44
1195,9013,2012-07-18,861.81,991.35
1196,9014,2012-07-19,867.06,995.82
1197,9015,2012-07-20,868.32,998.93
1198,9016,2012-07-23,865.38,989.43
1199,9017,2012-07-24,864.72,980.98
1200,9018,2012-07-25,882.18,1004.94
1201,9019,2012-07-26,886.06,1004.22
1202,9020,2012-07-27,887.65,1006.12
1203,9021,2012-07-30,888.37,1025.7
1204,9022,2012-07-31,883.23,1021.35
1205,9023,2012-08-01,879.24,1007.49
1206,9024,2012-08-02,870.16,987.73
1207,9025,2012-08-03,880.34,1017.23
1208,9026,2012-08-06,884.12,1019.51
1209,9027,2012-08-07,882.26,1027.67
1210,9028,2012-08-08,884.02,1027.28
1211,9029,2012-08-09,886.32,1028.09
1212,9030,2012-08-10,887.74,1026.84
1213,9031,2012-08-13,882.17,1016.08
1214,9032,2012-08-14,876.59,1015.93
1215,9033,2012-08-15,878.89,1017.72
1216,9034,2012-08-16,885.79,1032.39
1217,9035,2012-08-17,885.9,1024.7
1218,9036,2012-08-20,887.88,1046.27
1219,9037,2012-08-21,898.77,1076.77
1220,9038,2012-08-22,897.46,1081.41
1221,9039,2012-08-23,915.13,1114.28
1222,9040,2012-08-24,915.19,1120.38
1223,9041,2012-08-27,916.67,1136.0
1224,9042,2012-08-28,913.45,1129.66
1225,9043,2012-08-29,909.78,1128.17
1226,9044,2012-08-30,906.56,1110.8
1227,9045,2012-08-31,923.25,1147.15
1228,9046,2012-09-03,923.25,1147.15
1229,9047,2012-09-04,927.85,1182.51
1230,9048,2012-09-05,926.76,1179.52
1231,9049,2012-09-06,933.11,1192.12
1232,9050,2012-09-07,952.21,1229.19
1233,9051,2012-09-10,947.45,1227.12
1234,9052,2012-09-11,949.15,1224.68
1235,9053,2012-09-12,948.5,1214.68
1236,9054,2012-09-13,969.51,1268.9
1237,9055,2012-09-14,969.84,1264.46
1238,9056,2012-09-17,968.7,1253.92
1239,9057,2012-09-18,969.03,1266.73
1240,9058,2012-09-19,969.31,1261.99
1241,9059,2012-09-20,968.49,1265.43
1242,9060,2012-09-21,972.76,1263.82
1243,9061,2012-09-24,965.44,1239.97
1244,9062,2012-09-25,966.43,1238.66
1245,9063,2012-09-26,959.43,1238.38
1246,9064,2012-09-27,974.15,1264.87
1247,9065,2012-09-28,970.54,1261.62
1248,9066,2012-10-01,975.69,1275.32
1249,9067,2012-10-02,971.48,1264.99
1250,9068,2012-10-03,973.78,1265.76
1251,9069,2012-10-04,982.92,1280.76
1252,9070,2012-10-05,974.33,1261.46
1253,9071,2012-10-08,971.55,1241.22
1254,9072,2012-10-09,965.7,1240.06
1255,9073,2012-10-10,965.75,1244.59
1256,9074,2012-10-11,968.76,1243.6
1257,9075,2012-10-12,962.8,1228.54
1258,9076,2012-10-15,950.72,1194.76
1259,9077,2012-10-16,955.48,1202.64
1260,9078,2012-10-17,959.15,1212.61
1261,9079,2012-10-18,954.61,1199.33
1262,9080,2012-10-19,943.29,1171.2
1263,9081,2012-10-22,944.56,1176.87
1264,9082,2012-10-23,935.31,1160.12
1265,9083,2012-10-24,931.05,1153.81
1266,9084,2012-10-25,937.29,1170.53
1267,9085,2012-10-26,936.69,1169.0
1268,9086,2012-10-29,934.94,1158.39
1269,9087,2012-10-30,936.81,1160.98
1270,9088,2012-10-31,940.64,1179.23
1271,9089,2012-11-01,938.68,1176.76
1272,9090,2012-11-02,916.63,1126.0
1273,9091,2012-11-05,921.01,1135.9
1274,9092,2012-11-06,938.42,1168.97
1275,9093,2012-11-07,937.87,1155.36
1276,9094,2012-11-08,944.45,1176.49
1277,9095,2012-11-09,947.13,1189.64
1278,9096,2012-11-12,947.14,1186.85
1279,9097,2012-11-13,943.81,1185.58
1280,9098,2012-11-14,946.76,1199.88
1281,9099,2012-11-15,937.8,1192.39
1282,9100,2012-11-16,938.24,1181.22
1283,9101,2012-11-19,949.07,1211.15
1284,9102,2012-11-20,943.17,1201.8
1285,9103,2012-11-21,945.74,1217.16
1286,9104,2012-11-22,945.74,1217.16
1287,9105,2012-11-23,958.43,1245.09
1288,9106,2012-11-26,957.45,1245.93
1289,9107,2012-11-27,953.52,1240.29
1290,9108,2012-11-28,939.31,1229.23
1291,9109,2012-11-29,945.16,1253.3
1292,9110,2012-11-30,935.98,1211.37
1293,9111,2012-12-03,940.58,1228.85
1294,9112,2012-12-04,926.76,1194.23
1295,9113,2012-12-05,925.67,1199.66
1296,9114,2012-12-06,930.04,1205.38
1297,9115,2012-12-07,932.07,1206.0
1298,9116,2012-12-10,936.94,1214.96
1299,9117,2012-12-11,934.32,1201.86
1300,9118,2012-12-12,938.85,1229.71
1301,9119,2012-12-13,927.33,1177.77
1302,9120,2012-12-14,927.44,1175.74
1303,9121,2012-12-17,928.1,1175.05
1304,9122,2012-12-18,913.07,1152.81
1305,9123,2012-12-19,911.43,1132.68
1306,9124,2012-12-20,899.52,1080.34
1307,9125,2012-12-21,907.28,1099.45
1308,9126,2012-12-24,906.96,1088.32
1309,9127,2012-12-25,906.96,1088.32
1310,9128,2012-12-26,907.61,1093.34
1311,9129,2012-12-27,909.26,1100.81
1312,9130,2012-12-28,905.0,1091.16
1313,9131,2012-12-31,915.88,1100.34
